"folds,RMSE,SNR,R2Score,MAE"
1,0.19951936236565385,18.854288618316406,0.517919288049306,0.1117315565953146
2,0.19546692360574683,18.65289711491743,0.5412421929383903,0.10987910699524085
3,0.232010798446606,17.244085418436757,0.2775466199248847,0.13890831804684703
4,0.18390128580656134,19.06799269502018,0.5311461565947426,0.10209733128540947
5,0.18033015148179643,19.301098500467894,0.6654794667819635,0.12649386101336005
