"folds,RMSE,SNR,R2Score,MAE"
1,0.05774802047876203,15.564001206839745,0.8829131178895688,0.04259510436747828
2,0.036290316421922826,19.542327390890456,0.9503882849175713,0.026043516411409055
3,0.035091337593662196,19.55470535771317,0.9545653616589903,0.024563698877358698
4,0.04777685521549344,17.407116265141397,0.9233907468528048,0.03286431835931826
5,0.057166444784967636,16.52794051182478,0.8673273845732854,0.03803015152393859
