"folds,RMSE,SNR,R2Score,MAE"
1,0.042510438723210586,33.03609415465019,0.9528761068255484,0.0373771547489485
2,0.05087311731583274,31.538962375485937,0.9173644510908591,0.044868376159402874
3,0.04499072613220991,33.103887004612226,0.896594386031161,0.03951810935551737
4,0.04319278008698731,32.64155264493673,0.949688932757492,0.037625426181660954
5,0.03987305158994305,33.7799179203455,0.9488566192863971,0.03506122242652713
