"folds,RMSE,SNR,R2Score,MAE"
1,0.0035111011027593327,29.133820584001903,0.9841912769488649,0.0022986418684744106
2,0.00418920285714688,26.73070585533749,0.9777065427989631,0.002578194976975599
3,0.003699605873564458,28.483302121243362,0.9826392642816814,0.0022660848659524584
4,0.0036773559065381863,28.163820866986846,0.9780247668787384,0.002392113265508264
5,0.004569397605341257,26.967042115554644,0.9734517899328547,0.0028815490415938713
