"folds,RMSE,SNR,R2Score,MAE"
1,0.04473767894405996,27.132726670171838,-0.041129068029105674,0.04129215582092526
2,0.03383757567895766,29.391765887387475,0.40820991892494196,0.029292348813184592
3,0.032865304360853095,30.498171363410844,0.3244523548516515,0.027800970142756135
4,0.028904174827872744,31.301032528485038,0.5797120494152906,0.024130619624323175
5,0.04159357979151531,27.807787630705395,-0.315704842234598,0.036056309250863325
